{"threshold_1": -0.1784859675992218, "threshold_2": 1.0223056330623481}